first_name,last_name,email,gender,ip_address
Arlen,Kalkofer,akalkofer0@discuz.net,Male,36.179.224.14
Petra,Maskelyne,pmaskelyne1@usda.gov,Female,146.32.133.43
Quintin,Bielby,qbielby2@reference.com,Male,1.116.135.85
Sue,Sparry,ssparry3@cafepress.com,Female,144.23.48.253
Cari,Jone,cjone4@mit.edu,Female,51.51.206.63
Gunar,Verick,gverick5@youtu.be,Male,216.42.140.210
Cristal,Moffat,cmoffat6@unc.edu,Female,161.156.168.103
Darwin,Gothup,dgothup7@hud.gov,Male,175.169.169.104
Morgen,Runge,mrunge8@geocities.jp,Female,168.114.31.241
Chaddy,Late,clate9@jugem.jp,Male,81.43.30.252
Kaylee,Bergeon,kbergeona@java.com,Female,124.213.94.128
Issiah,Dumpleton,idumpletonb@nymag.com,Male,141.92.104.143
Hyacinthia,Lehr,hlehrc@toplist.cz,Female,120.77.59.25
Ninon,Steele,nsteeled@cbslocal.com,Female,205.52.242.125
Sophie,Lewens,slewense@nsw.gov.au,Female,29.146.9.255
Traci,Angelini,tangelinif@joomla.org,Female,171.163.108.157
Lammond,Kibble,lkibbleg@google.co.jp,Male,80.219.5.53
Carmella,Postan,cpostanh@so-net.ne.jp,Female,201.171.217.197
Fred,Matyas,fmatyasi@vistaprint.com,Male,76.193.229.218
Hillary,Govier,hgovierj@cyberchimps.com,Male,164.91.252.34
Urbanus,Kovacs,ukovacsk@sciencedaily.com,Male,231.133.168.134
Anett,Skeats,askeatsl@timesonline.co.uk,Female,136.69.24.54
Marcelline,Skippon,mskipponm@163.com,Female,199.211.171.229
Jamaal,Vardon,jvardonn@cbsnews.com,Male,171.56.212.122
Daisie,Filippozzi,dfilippozzio@bizjournals.com,Female,147.93.26.234
Judd,Tourne,jtournep@ameblo.jp,Male,175.218.117.133
Melodee,McReath,mmcreathq@linkedin.com,Female,209.42.228.166
Lois,Pittford,lpittfordr@weebly.com,Female,142.35.159.117
Ramon,Greenough,rgreenoughs@google.com.br,Male,137.254.5.125
Alexis,Antonoyev,aantonoyevt@imageshack.us,Male,209.3.68.219
Seward,Erswell,serswellu@networkadvertising.org,Male,127.135.104.239
Cathrine,Hriinchenko,chriinchenkov@i2i.jp,Female,117.246.72.167
Philomena,Yankeev,pyankeevw@godaddy.com,Female,59.123.148.198
Emlynne,Tattersfield,etattersfieldx@sourceforge.net,Female,46.74.57.41
Brandyn,Stirtle,bstirtley@xrea.com,Male,136.24.109.241
Knox,Pengilly,kpengillyz@addthis.com,Male,201.56.135.66
Guntar,Pacquet,gpacquet10@kickstarter.com,Male,171.128.56.47
Xever,McAviy,xmcaviy11@biglobe.ne.jp,Male,69.34.58.191
Kaila,Mishaw,kmishaw12@is.gd,Female,224.237.23.170
Saloma,Aiken,saiken13@cocolog-nifty.com,Female,95.127.112.99
Kermy,Bougourd,kbougourd14@cpanel.net,Male,55.47.181.54
Darcie,Gaunson,dgaunson15@parallels.com,Female,166.172.43.153
Glenna,Chong,gchong16@lulu.com,Female,141.149.36.213
Shepperd,Beevis,sbeevis17@sohu.com,Male,49.83.180.201
Patrice,Doret,pdoret18@unc.edu,Female,114.99.162.220
Olly,Wadge,owadge19@fastcompany.com,Male,43.36.233.86
Buddie,Hilary,bhilary1a@japanpost.jp,Male,173.160.70.86
Marnie,Whitehurst,mwhitehurst1b@va.gov,Female,168.241.145.100
Kellby,Behneke,kbehneke1c@geocities.jp,Male,23.180.205.148
Brenden,Scoggans,bscoggans1d@wikia.com,Male,33.160.218.179
Corbett,Dod,cdod1e@intel.com,Male,190.27.208.95
Vern,Physick,vphysick1f@lycos.com,Male,6.12.196.64
Susanetta,Steutly,ssteutly1g@businesswire.com,Female,17.200.12.172
Bogart,Brazer,bbrazer1h@addtoany.com,Male,120.212.14.201
Lindsay,Fetherston,lfetherston1i@e-recht24.de,Female,106.0.147.127
Obadias,Delcastel,odelcastel1j@zimbio.com,Male,223.68.147.114
Milo,Bradlaugh,mbradlaugh1k@spotify.com,Male,132.15.249.103
Tybie,McMaster,tmcmaster1l@newyorker.com,Female,149.124.158.32
Viviana,Tantrum,vtantrum1m@dailymotion.com,Female,255.58.225.52
Beitris,Pennell,bpennell1n@google.com.hk,Female,21.251.56.84
Tamqrah,Wadlow,twadlow1o@hhs.gov,Female,197.91.180.199
Thomasin,Poolman,tpoolman1p@tiny.cc,Female,154.174.13.36
Douglas,Diben,ddiben1q@wikipedia.org,Male,21.122.68.173
Dominique,Sylvaine,dsylvaine1r@tripod.com,Female,46.111.177.64
Rafaello,Ghirigori,rghirigori1s@newsvine.com,Male,94.30.199.58
Marwin,Chidzoy,mchidzoy1t@mozilla.com,Male,102.94.219.231
Syman,Claypoole,sclaypoole1u@state.tx.us,Male,163.169.10.74
Ambrosi,Aykroyd,aaykroyd1v@nbcnews.com,Male,60.168.171.159
Deeyn,Dabell,ddabell1w@msu.edu,Female,92.193.135.50
Christine,Caro,ccaro1x@vk.com,Female,88.42.248.214
Alexa,Howlin,ahowlin1y@themeforest.net,Female,134.156.87.221
Iris,Witherdon,iwitherdon1z@zimbio.com,Female,199.102.219.146
Kelwin,MacKnocker,kmacknocker20@photobucket.com,Male,222.43.132.25
Andy,Oldroyd,aoldroyd21@prweb.com,Female,17.165.104.119
Maurise,Joiner,mjoiner22@cbc.ca,Female,100.83.185.29
Elise,Bohling,ebohling23@angelfire.com,Female,178.219.99.80
Simon,Stiger,sstiger24@stanford.edu,Male,193.174.116.117
Timi,Philbrook,tphilbrook25@reverbnation.com,Female,153.16.212.69
Thomas,MacSporran,tmacsporran26@uiuc.edu,Male,211.109.35.104
Lory,Marquand,lmarquand27@cam.ac.uk,Female,140.241.163.70
Sybille,Beades,sbeades28@theglobeandmail.com,Female,186.202.210.144
Llywellyn,McGuff,lmcguff29@hc360.com,Male,180.159.190.219
Paulina,Marginson,pmarginson2a@tamu.edu,Female,29.22.168.84
Valle,Rude,vrude2b@mozilla.com,Male,61.19.213.83
Catlin,McNee,cmcnee2c@wsj.com,Female,180.210.19.240
Gabrielle,Cicchinelli,gcicchinelli2d@tumblr.com,Female,244.88.122.145
Marcile,Antonowicz,mantonowicz2e@sciencedaily.com,Female,116.232.197.252
Elihu,Sattin,esattin2f@liveinternet.ru,Male,74.210.130.20
Friederike,Craythorn,fcraythorn2g@github.com,Female,131.15.79.146
Tina,McGinlay,tmcginlay2h@xing.com,Female,218.159.182.104
Stacie,Circuit,scircuit2i@cam.ac.uk,Female,166.209.47.78
Caryl,Boldecke,cboldecke2j@lulu.com,Male,35.29.162.7
Harriett,Garvin,hgarvin2k@npr.org,Female,167.50.45.16
Ursuline,Keenor,ukeenor2l@reverbnation.com,Female,154.223.236.243
Ferdie,Tonnesen,ftonnesen2m@t.co,Male,178.55.168.41
Bettina,Kissick,bkissick2n@prweb.com,Female,6.194.137.198
Benedicto,Gofton,bgofton2o@sciencedaily.com,Male,24.39.80.184
Arabele,Etchell,aetchell2p@mlb.com,Female,111.119.184.143
Lyon,Dodson,ldodson2q@theguardian.com,Male,161.151.68.211
Nissy,Bickell,nbickell2r@wsj.com,Female,25.118.167.209
Tucky,Agostini,tagostini2s@clickbank.net,Male,121.86.181.207
Lyell,Saxton,lsaxton2t@marriott.com,Male,122.131.52.123
Trueman,Pelerin,tpelerin2u@wisc.edu,Male,205.117.71.67
Alberto,Melsome,amelsome2v@goo.ne.jp,Male,31.151.240.104
Aili,Knappitt,aknappitt2w@blogger.com,Female,154.31.52.251
Eve,Doody,edoody2x@pen.io,Female,241.222.194.5
Leeland,Dzenisenka,ldzenisenka2y@gizmodo.com,Male,255.177.199.167
Nils,Borles,nborles2z@accuweather.com,Male,173.152.86.174
Frasco,Stoeck,fstoeck30@myspace.com,Male,13.122.122.205
Norrie,Hamblett,nhamblett31@tripod.com,Male,17.100.126.125
Ernest,Labon,elabon32@bloglines.com,Male,221.82.106.60
Lorne,Newing,lnewing33@joomla.org,Male,100.165.193.49
Marlena,Olner,molner34@chron.com,Female,109.123.176.220
Blinni,Blaschke,bblaschke35@nifty.com,Female,64.195.84.62
Walt,Race,wrace36@seesaa.net,Male,247.220.245.108
Neal,Crowthe,ncrowthe37@disqus.com,Male,255.25.21.13
Charissa,Segrott,csegrott38@live.com,Female,18.86.62.135
Trista,Frankland,tfrankland39@about.com,Female,24.154.39.24
Alvina,Hessing,ahessing3a@quantcast.com,Female,144.124.196.231
Kaycee,Lanfer,klanfer3b@prweb.com,Female,55.122.47.64
Reynold,Ubsdell,rubsdell3c@vinaora.com,Male,87.81.248.32
Myrilla,O'Hartagan,mohartagan3d@indiatimes.com,Female,125.158.79.102
Ailey,McMylor,amcmylor3e@pagesperso-orange.fr,Female,26.204.227.74
Reyna,Rawlingson,rrawlingson3f@mozilla.com,Female,19.98.223.57
Eldridge,Woofendell,ewoofendell3g@accuweather.com,Male,194.125.225.41
Tabbie,Martlew,tmartlew3h@hc360.com,Male,17.211.190.156
Mata,Loughran,mloughran3i@technorati.com,Male,115.173.23.55
Ashley,Thouless,athouless3j@earthlink.net,Male,79.232.158.69
Byram,Lampel,blampel3k@blog.com,Male,7.163.76.117
Elvin,Gabitis,egabitis3l@mail.ru,Male,87.130.19.210
Teriann,Schimoni,tschimoni3m@icio.us,Female,236.29.161.63
Mira,Kacheller,mkacheller3n@live.com,Female,30.25.42.75
Francklyn,Domingues,fdomingues3o@admin.ch,Male,198.43.182.50
Marigold,Fergusson,mfergusson3p@printfriendly.com,Female,40.252.159.154
Reinaldo,Czadla,rczadla3q@latimes.com,Male,211.242.75.88
Dinnie,Cooksley,dcooksley3r@csmonitor.com,Female,191.174.153.162
Cecelia,Echallier,cechallier3s@msn.com,Female,51.249.204.250
Vidovik,Risso,vrisso3t@hibu.com,Male,22.18.149.146
Artus,Roles,aroles3u@bandcamp.com,Male,99.45.193.244
Mandie,Seman,mseman3v@nih.gov,Female,254.58.93.43
Joanie,Merton,jmerton3w@apache.org,Female,22.161.164.131
Kimbra,Facer,kfacer3x@pcworld.com,Female,253.222.138.207
Ferdy,Kassman,fkassman3y@mac.com,Male,10.32.206.51
Thedric,Rackam,trackam3z@rediff.com,Male,149.35.139.124
Matthus,Trigwell,mtrigwell40@liveinternet.ru,Male,133.216.59.63
Caesar,Pierpoint,cpierpoint41@smh.com.au,Male,146.48.209.48
Paige,Jamary,pjamary42@unc.edu,Male,148.150.189.171
Brennan,Drever,bdrever43@eventbrite.com,Male,3.188.156.38
Evangelin,Pretsell,epretsell44@skype.com,Female,109.232.62.27
Hattie,Geffcock,hgeffcock45@whitehouse.gov,Female,144.170.220.236
Alice,Feirn,afeirn46@addtoany.com,Female,1.57.42.83
Carlotta,Dovington,cdovington47@myspace.com,Female,142.70.181.228
Peri,Tommeo,ptommeo48@reddit.com,Female,241.177.230.247
Ninetta,Battson,nbattson49@aboutads.info,Female,235.242.168.216
Bret,Fradson,bfradson4a@com.com,Male,250.58.10.167
Louis,Pote,lpote4b@mtv.com,Male,180.99.199.233
Glynnis,Lasty,glasty4c@oaic.gov.au,Female,228.121.182.26
Kikelia,Muxworthy,kmuxworthy4d@army.mil,Female,82.235.145.116
Bobbye,Keen,bkeen4e@webeden.co.uk,Female,165.37.70.155
Leland,ffrench Beytagh,lffrenchbeytagh4f@mac.com,Male,3.201.209.100
Harbert,Pine,hpine4g@berkeley.edu,Male,61.131.176.209
Carena,Rainton,crainton4h@delicious.com,Female,158.195.184.97
Leonelle,McMeekin,lmcmeekin4i@apple.com,Female,107.241.58.203
Dulcie,Davydkov,ddavydkov4j@mlb.com,Female,62.91.185.218
Marcella,Ortells,mortells4k@weather.com,Female,178.221.157.23
Gloria,Bottomer,gbottomer4l@eventbrite.com,Female,15.40.12.38
Arin,McCartney,amccartney4m@homestead.com,Male,254.13.75.46
Iorgos,McAlees,imcalees4n@nsw.gov.au,Male,106.64.25.41
Woodie,Frowde,wfrowde4o@stumbleupon.com,Male,96.141.194.253
Ingrid,Merle,imerle4p@epa.gov,Female,53.241.143.163
Denver,Danskine,ddanskine4q@mashable.com,Male,169.63.201.8
Alfons,Weathers,aweathers4r@omniture.com,Male,103.221.88.54
Barret,Bernhardsson,bbernhardsson4s@hibu.com,Male,117.184.231.172
Virgie,Lamboll,vlamboll4t@wiley.com,Female,18.170.191.18
Veda,Gruczka,vgruczka4u@nih.gov,Female,134.47.70.186
Erl,Sheffield,esheffield4v@omniture.com,Male,249.88.113.89
Hillard,Welden,hwelden4w@mozilla.com,Male,83.255.2.37
Ashby,Hartzog,ahartzog4x@baidu.com,Male,43.188.136.38
Issiah,Williscroft,iwilliscroft4y@usda.gov,Male,57.222.42.116
Amber,Stroder,astroder4z@noaa.gov,Female,75.219.73.205
Biddy,Utterson,butterson50@constantcontact.com,Female,186.107.140.97
Jamaal,Aleksidze,jaleksidze51@cdc.gov,Male,5.6.24.61
Reese,Rawlin,rrawlin52@livejournal.com,Male,241.141.4.42
Arthur,Grzegorek,agrzegorek53@utexas.edu,Male,146.189.143.21
Othello,Stanworth,ostanworth54@jalbum.net,Male,140.237.193.125
Belle,Harrowsmith,bharrowsmith55@pagesperso-orange.fr,Female,218.213.99.231
Kurtis,Fleury,kfleury56@kickstarter.com,Male,211.75.25.59
Miguelita,Iverson,miverson57@loc.gov,Female,116.48.217.59
Waverley,Thew,wthew58@usda.gov,Male,25.145.217.196
Frederique,Silson,fsilson59@icio.us,Female,80.107.12.113
Marlena,Scargle,mscargle5a@networksolutions.com,Female,108.0.200.93
Laetitia,Dayes,ldayes5b@rediff.com,Female,111.42.195.239
Lotte,Wooton,lwooton5c@joomla.org,Female,39.195.148.73
Skelly,Byers,sbyers5d@feedburner.com,Male,144.94.214.247
Meir,Yearns,myearns5e@jalbum.net,Male,8.163.12.215
Mohandis,Normaville,mnormaville5f@dot.gov,Male,33.96.38.153
Xylia,Stentiford,xstentiford5g@multiply.com,Female,249.217.57.216
Christophorus,Mylan,cmylan5h@plala.or.jp,Male,51.18.233.90
Cassandre,Oaten,coaten5i@jalbum.net,Female,153.70.85.28
Gertie,Ilyunin,gilyunin5j@ca.gov,Female,163.141.100.116
Roseann,Henricsson,rhenricsson5k@dmoz.org,Female,226.46.162.29
Axel,Blanc,ablanc5l@tmall.com,Male,174.63.32.155
Bartram,Pesek,bpesek5m@hibu.com,Male,90.113.199.101
Daffie,Sallarie,dsallarie5n@parallels.com,Female,124.106.198.78
Joshia,Pontain,jpontain5o@who.int,Male,161.82.28.47
Wynny,Laurencot,wlaurencot5p@4shared.com,Female,104.83.242.15
Ahmed,Clarson,aclarson5q@netvibes.com,Male,64.135.184.213
Katherina,Blakeman,kblakeman5r@nih.gov,Female,121.108.150.207
Domenico,Allman,dallman5s@pinterest.com,Male,72.158.58.133
Lonnie,Harbertson,lharbertson5t@unesco.org,Female,134.81.1.217
Roderich,Tollett,rtollett5u@java.com,Male,76.45.150.175
Wilbert,Jopp,wjopp5v@furl.net,Male,90.51.179.181
Tamera,Ellis,tellis5w@opensource.org,Female,15.124.169.47
Simeon,Warren,swarren5x@wordpress.org,Male,76.53.221.203
Alexandr,Nelthrop,anelthrop5y@fc2.com,Male,244.42.169.14
Naoma,Gannaway,ngannaway5z@spotify.com,Female,3.75.133.149
Desi,Doe,ddoe60@netlog.com,Male,132.226.125.212
Maybelle,Willavoys,mwillavoys61@bluehost.com,Female,96.114.195.28
Auguste,Convery,aconvery62@wsj.com,Female,158.46.69.113
Kienan,Heak,kheak63@guardian.co.uk,Male,48.70.243.85
Di,Dennis,ddennis64@apache.org,Female,9.224.47.247
Karine,Melloi,kmelloi65@multiply.com,Female,35.144.151.90
Ronny,Mitchard,rmitchard66@columbia.edu,Male,64.51.43.141
Derron,Brown,dbrown67@amazonaws.com,Male,108.13.105.25
Scot,Dunbavin,sdunbavin68@sakura.ne.jp,Male,93.244.154.252
Bond,Broker,bbroker69@artisteer.com,Male,162.237.208.150
Frankie,Boyett,fboyett6a@odnoklassniki.ru,Male,136.42.31.51
Haily,Grishankov,hgrishankov6b@bbc.co.uk,Male,131.113.172.107
Jaquenette,Chasen,jchasen6c@cargocollective.com,Female,28.79.41.141
Maximilian,Bastiman,mbastiman6d@vkontakte.ru,Male,0.81.158.14
Donovan,Benfield,dbenfield6e@sun.com,Male,125.42.199.21
Vikky,Cozins,vcozins6f@thetimes.co.uk,Female,174.53.27.40
Johnathan,Harkness,jharkness6g@businessinsider.com,Male,179.192.178.44
Gaelan,Bruford,gbruford6h@gmpg.org,Male,18.231.71.112
Sonnie,Elcum,selcum6i@linkedin.com,Female,160.117.239.77
Valentia,Adamson,vadamson6j@yahoo.co.jp,Female,226.118.26.101
Joellen,Bedwell,jbedwell6k@theglobeandmail.com,Female,215.161.80.50
Chelsae,Golly,cgolly6l@google.com.au,Female,118.18.91.206
Meridith,Knifton,mknifton6m@twitter.com,Female,242.217.20.88
Louis,Littledyke,llittledyke6n@vkontakte.ru,Male,139.255.94.22
Georgia,Corter,gcorter6o@ovh.net,Female,252.246.21.187
Darline,Pacht,dpacht6p@cloudflare.com,Female,116.254.127.84
Rica,Fattorini,rfattorini6q@sciencedaily.com,Female,235.35.75.165
Lanni,Eveling,leveling6r@indiegogo.com,Female,119.45.75.61
Leia,Dalgetty,ldalgetty6s@usa.gov,Female,197.130.67.76
Mervin,Cannavan,mcannavan6t@sfgate.com,Male,4.34.130.10
Delmer,McIlveen,dmcilveen6u@php.net,Male,8.31.211.106
Fancie,Lundy,flundy6v@tripod.com,Female,154.14.153.183
Edgard,O'Corrigane,eocorrigane6w@ehow.com,Male,99.208.202.41
Lillis,Millbank,lmillbank6x@list-manage.com,Female,185.40.144.229
Cathleen,Deavall,cdeavall6y@princeton.edu,Female,255.32.23.233
Ernesto,Klammt,eklammt6z@istockphoto.com,Male,152.105.185.77
Marleen,Fiddyment,mfiddyment70@pagesperso-orange.fr,Female,55.212.148.80
Lynea,Flippini,lflippini71@whitehouse.gov,Female,252.148.0.176
Maddalena,Kilgannon,mkilgannon72@taobao.com,Female,191.117.151.139
Gregg,Gibberd,ggibberd73@addtoany.com,Male,82.16.219.246
Reggie,Buche,rbuche74@intel.com,Male,92.194.31.58
Nara,Gleadle,ngleadle75@cnn.com,Female,198.88.79.79
Nanice,Dorling,ndorling76@macromedia.com,Female,250.18.105.118
Sybilla,Tebbitt,stebbitt77@wired.com,Female,16.164.150.121
Annadiane,Beevor,abeevor78@wsj.com,Female,139.43.136.57
Edvard,de Villier,edevillier79@biblegateway.com,Male,220.148.238.200
Olimpia,Feasey,ofeasey7a@state.tx.us,Female,60.45.68.246
Dasi,Durak,ddurak7b@netscape.com,Female,201.203.63.125
Perrine,Raff,praff7c@netlog.com,Female,232.183.134.181
Normie,Perigoe,nperigoe7d@oracle.com,Male,81.19.192.43
Loella,Hoyles,lhoyles7e@google.it,Female,200.106.219.119
Genna,Chalcot,gchalcot7f@noaa.gov,Female,23.39.239.124
Noel,Bissett,nbissett7g@theguardian.com,Male,178.37.58.198
Britt,Glassman,bglassman7h@soup.io,Male,49.131.186.152
Tandi,Sawrey,tsawrey7i@pbs.org,Female,47.181.174.150
Peggi,Reding,preding7j@sohu.com,Female,135.153.106.14
Wolf,Wellbelove,wwellbelove7k@theatlantic.com,Male,123.202.101.139
Georges,Dillintone,gdillintone7l@nydailynews.com,Male,167.58.34.166
Siegfried,Epdell,sepdell7m@deliciousdays.com,Male,0.66.125.118
Liz,Giacoboni,lgiacoboni7n@free.fr,Female,220.169.248.58
Coleen,Astupenas,castupenas7o@latimes.com,Female,67.230.139.1
Jacenta,Pendall,jpendall7p@biblegateway.com,Female,125.239.2.185
Prent,Fettiplace,pfettiplace7q@wix.com,Male,211.53.119.177
Krishnah,Szymonowicz,kszymonowicz7r@networkadvertising.org,Male,237.31.12.6
Betteanne,Begg,bbegg7s@wp.com,Female,214.252.54.255
Kaspar,Greensite,kgreensite7t@live.com,Male,40.164.120.57
Crosby,Bricklebank,cbricklebank7u@nature.com,Male,89.181.193.147
Bernarr,Grinval,bgrinval7v@woothemes.com,Male,152.98.111.230
Georgine,Hughes,ghughes7w@reverbnation.com,Female,162.94.15.179
Bron,Chatwood,bchatwood7x@over-blog.com,Male,120.57.28.201
Joete,Clemanceau,jclemanceau7y@nyu.edu,Female,166.148.177.174
Roby,Doyley,rdoyley7z@icq.com,Female,163.77.22.230
Hodge,Quadling,hquadling80@globo.com,Male,73.131.115.143
Drusilla,Ianni,dianni81@feedburner.com,Female,87.131.22.102
Karney,Pendell,kpendell82@smugmug.com,Male,5.143.124.57
Emanuele,Giacubo,egiacubo83@networksolutions.com,Male,166.38.40.196
Cathy,Bayne,cbayne84@twitpic.com,Female,197.85.23.80
Emmett,Kennett,ekennett85@simplemachines.org,Male,225.194.215.108
Billie,Albone,balbone86@nih.gov,Female,157.119.118.185
Issi,Wahlberg,iwahlberg87@fastcompany.com,Female,227.145.216.200
Vilhelmina,Gouldstone,vgouldstone88@ft.com,Female,165.103.186.111
Early,Blowfelde,eblowfelde89@tiny.cc,Male,105.102.100.27
Alameda,MacKnockiter,amacknockiter8a@wix.com,Female,223.190.252.116
Eilis,Gilsthorpe,egilsthorpe8b@symantec.com,Female,113.237.115.184
Ives,Broxis,ibroxis8c@bbb.org,Male,101.74.91.1
Jillene,Maker,jmaker8d@illinois.edu,Female,143.194.75.24
Fair,Brusle,fbrusle8e@fotki.com,Male,231.2.201.66
Gerry,Mustoo,gmustoo8f@yelp.com,Female,4.65.242.164
Kiersten,Bourdel,kbourdel8g@people.com.cn,Female,65.133.194.209
Freeland,Dies,fdies8h@guardian.co.uk,Male,236.51.6.86
Bess,Rawe,brawe8i@feedburner.com,Female,64.192.106.240
Alleyn,Rappa,arappa8j@unesco.org,Male,208.226.133.186
Carena,Scally,cscally8k@lycos.com,Female,120.90.110.190
Di,Love,dlove8l@theatlantic.com,Female,158.254.197.128
Meir,Snailham,msnailham8m@bandcamp.com,Male,58.54.50.82
Meryl,Leif,mleif8n@joomla.org,Male,0.131.86.245
Hannis,Alessandretti,halessandretti8o@issuu.com,Female,71.176.26.189
Verine,Cready,vcready8p@plala.or.jp,Female,33.50.184.74
Salmon,Jeffery,sjeffery8q@nationalgeographic.com,Male,226.7.71.160
Timothee,Kilsby,tkilsby8r@dedecms.com,Male,17.78.211.113
Al,Solleme,asolleme8s@aboutads.info,Male,210.51.80.98
Russell,Dorsett,rdorsett8t@rediff.com,Male,111.191.251.20
Dido,Baxendale,dbaxendale8u@msn.com,Female,53.160.217.217
Trenna,Longmuir,tlongmuir8v@bbb.org,Female,11.202.82.200
Bernice,Martusewicz,bmartusewicz8w@dyndns.org,Female,60.13.28.144
Elsbeth,Rowlings,erowlings8x@ocn.ne.jp,Female,134.230.78.179
Benjie,Domeney,bdomeney8y@jiathis.com,Male,227.205.207.183
Olympe,Lentsch,olentsch8z@shutterfly.com,Female,64.238.122.46
Angela,Lackmann,alackmann90@amazonaws.com,Female,203.78.148.60
Mylo,Burder,mburder91@tamu.edu,Male,210.39.9.174
Brittni,Real,breal92@dropbox.com,Female,28.61.203.109
See,McCracken,smccracken93@businessinsider.com,Male,105.37.3.91
Wait,Pavlenko,wpavlenko94@cdbaby.com,Male,241.253.167.108
Maximo,Standering,mstandering95@earthlink.net,Male,191.78.227.25
Dorie,Leahy,dleahy96@google.co.jp,Male,40.245.92.113
Leesa,Ivain,livain97@flavors.me,Female,126.26.138.193
Jamie,Anglish,janglish98@netscape.com,Female,250.72.141.105
Rollie,Vaudin,rvaudin99@rediff.com,Male,113.118.117.49
Scot,Quadrio,squadrio9a@baidu.com,Male,247.41.176.175
Baldwin,Wolfarth,bwolfarth9b@twitpic.com,Male,199.100.96.180
Ame,Vedikhov,avedikhov9c@ucsd.edu,Female,7.169.239.36
Ag,Becerro,abecerro9d@xrea.com,Female,211.22.57.137
Maynord,Scotchbourouge,mscotchbourouge9e@rakuten.co.jp,Male,112.61.34.166
Port,Cloute,pcloute9f@pen.io,Male,12.207.124.65
Gaile,Demann,gdemann9g@globo.com,Male,222.101.30.212
Ralf,Croson,rcroson9h@usgs.gov,Male,189.74.246.164
Aurlie,Freyn,afreyn9i@scientificamerican.com,Female,158.70.5.68
Drona,Giamitti,dgiamitti9j@youku.com,Female,40.143.116.144
Kiel,Duncanson,kduncanson9k@multiply.com,Male,17.147.74.228
Edan,Tanzer,etanzer9l@wp.com,Male,191.184.175.48
Bren,Skeech,bskeech9m@rediff.com,Male,97.149.118.114
Bat,Prene,bprene9n@narod.ru,Male,117.17.57.2
Garreth,Lammie,glammie9o@wunderground.com,Male,144.250.245.57
Archibald,Reisenstein,areisenstein9p@theguardian.com,Male,197.152.119.49
Marcus,Downing,mdowning9q@ning.com,Male,27.61.244.185
Jeannie,Redish,jredish9r@cbc.ca,Female,120.213.0.99
Tabby,Worters,tworters9s@drupal.org,Male,240.107.90.253
Sonnie,Yanez,syanez9t@irs.gov,Male,74.191.127.220
Scott,Cready,scready9u@google.fr,Male,14.253.189.207
Jeff,De Clairmont,jdeclairmont9v@wordpress.org,Male,234.159.246.211
Livy,Greveson,lgreveson9w@edublogs.org,Female,254.47.32.121
Windham,Boarder,wboarder9x@yandex.ru,Male,106.172.58.251
Leonid,Duchenne,lduchenne9y@princeton.edu,Male,226.196.190.115
Helaina,Brosoli,hbrosoli9z@quantcast.com,Female,53.107.26.140
Ives,Stallibrass,istallibrassa0@dion.ne.jp,Male,8.164.214.34
Blondell,Bakster,bbakstera1@taobao.com,Female,229.22.133.198
Tish,Jeanel,tjeanela2@t-online.de,Female,86.67.54.199
Bruce,Dislee,bdisleea3@admin.ch,Male,168.6.43.97
Josee,Bewsey,jbewseya4@ucsd.edu,Female,151.224.228.193
Branden,Barnsley,bbarnsleya5@hibu.com,Male,182.171.139.196
Gibbie,Vardie,gvardiea6@ucla.edu,Male,179.2.136.144
Farlie,Giabuzzi,fgiabuzzia7@mysql.com,Male,207.36.108.207
Leon,Tupman,ltupmana8@miibeian.gov.cn,Male,227.206.81.147
Brantley,Chitty,bchittya9@un.org,Male,203.170.247.123
Willey,Petrol,wpetrolaa@earthlink.net,Male,200.140.237.12
Ingamar,Milsted,imilstedab@nydailynews.com,Male,69.186.45.115
Adora,Calbreath,acalbreathac@timesonline.co.uk,Female,87.225.202.173
Leela,Ferrari,lferrariad@prnewswire.com,Female,144.54.88.138
Gillan,Barbosa,gbarbosaae@nih.gov,Female,103.207.189.45
Bryna,Firks,bfirksaf@virginia.edu,Female,95.117.95.115
Berte,Barthram,bbarthramag@businessinsider.com,Female,59.106.3.36
Wynnie,Durtnell,wdurtnellah@ted.com,Female,246.236.251.204
Johnathan,Taffarello,jtaffarelloai@scientificamerican.com,Male,166.144.155.213
Caron,Casaccia,ccasacciaaj@dyndns.org,Female,71.218.76.143
Tamiko,Shelsher,tshelsherak@theguardian.com,Female,158.166.33.117
Annetta,Edgeworth,aedgeworthal@weebly.com,Female,49.212.193.184
Lexine,Thying,lthyingam@eventbrite.com,Female,193.130.182.254
Arv,Twyning,atwyningan@scientificamerican.com,Male,46.86.181.50
Ernie,O'Brian,eobrianao@reverbnation.com,Male,113.208.110.208
Karalee,Depka,kdepkaap@nhs.uk,Female,44.234.35.40
Wiatt,Paydon,wpaydonaq@nationalgeographic.com,Male,193.53.177.9
Thaine,Lester,tlesterar@google.com.br,Male,10.114.110.195
Enrique,Rossi,erossias@tripod.com,Male,114.100.93.213
Emmy,Biaggetti,ebiaggettiat@dagondesign.com,Female,65.75.22.168
Griff,Newtown,gnewtownau@who.int,Male,39.240.186.234
Micky,Boyen,mboyenav@paypal.com,Female,128.213.125.85
Haroun,Tomasz,htomaszaw@hexun.com,Male,116.107.222.35
Cullie,Dinis,cdinisax@usa.gov,Male,10.154.132.66
Dill,Dempster,ddempsteray@pbs.org,Male,78.74.99.165
Mohandis,Aldrick,maldrickaz@wsj.com,Male,46.196.37.104
Dana,Syder,dsyderb0@unesco.org,Male,182.180.41.34
Thorvald,Hannant,thannantb1@netlog.com,Male,103.49.243.253
Hedwiga,Robbey,hrobbeyb2@prweb.com,Female,31.130.67.124
Jayme,Lapham,jlaphamb3@cocolog-nifty.com,Female,200.56.165.176
Norri,Samuels,nsamuelsb4@ustream.tv,Female,161.155.92.3
Teresina,McGeachey,tmcgeacheyb5@washington.edu,Female,44.150.10.18
Verne,Fieldgate,vfieldgateb6@economist.com,Male,151.199.167.137
Issie,Ducastel,iducastelb7@quantcast.com,Female,75.254.148.32
Marianne,Watling,mwatlingb8@uol.com.br,Female,66.84.207.253
Egon,Cushion,ecushionb9@nytimes.com,Male,211.112.63.155
Codee,Swaysland,cswayslandba@ucoz.ru,Female,219.182.87.206
Giordano,Swafield,gswafieldbb@redcross.org,Male,110.218.5.48
Kaile,Peete,kpeetebc@mayoclinic.com,Female,195.174.246.98
Pepillo,Honeyghan,phoneyghanbd@redcross.org,Male,245.128.224.168
Kristal,Lapree,klapreebe@scribd.com,Female,30.190.173.91
Mellisent,Woodyatt,mwoodyattbf@pen.io,Female,36.142.197.139
Rozanna,Toppes,rtoppesbg@example.com,Female,121.2.92.4
Mitchell,Turville,mturvillebh@admin.ch,Male,243.168.113.222
Care,Ivashintsov,civashintsovbi@nba.com,Male,245.5.110.131
Nady,Talby,ntalbybj@opensource.org,Female,81.1.108.202
Ronalda,Maren,rmarenbk@cisco.com,Female,43.16.12.255
Daune,Dooler,ddoolerbl@moonfruit.com,Female,69.21.179.96
Lind,Fullerton,lfullertonbm@google.it,Female,62.84.113.76
Tait,Burfoot,tburfootbn@cbc.ca,Male,205.212.125.235
Ricki,Dahmke,rdahmkebo@wordpress.com,Male,154.218.178.191
Cinderella,Burwell,cburwellbp@google.fr,Female,203.9.152.69
Brooke,Rosberg,brosbergbq@scientificamerican.com,Female,190.254.58.138
Cariotta,Jorin,cjorinbr@360.cn,Female,6.117.181.190
Prentice,Piggrem,ppiggrembs@nymag.com,Male,166.206.57.36
Walden,Mercik,wmercikbt@unc.edu,Male,104.32.17.182
Patrick,Tunnick,ptunnickbu@nyu.edu,Male,243.221.2.18
Rudiger,Feldstern,rfeldsternbv@gravatar.com,Male,110.173.119.81
Myrvyn,Robeson,mrobesonbw@lycos.com,Male,124.251.162.162
Filberte,Penddreth,fpenddrethbx@springer.com,Male,247.194.73.194
Ramona,Canada,rcanadaby@economist.com,Female,167.195.144.20
Juieta,Drees,jdreesbz@sina.com.cn,Female,172.156.204.238
Carling,Quadri,cquadric0@pagesperso-orange.fr,Male,114.164.211.44
Angelina,De Vaan,adevaanc1@webmd.com,Female,113.218.83.230
Towney,Powlett,tpowlettc2@woothemes.com,Male,3.193.49.71
Adela,Sherbrooke,asherbrookec3@ustream.tv,Female,99.67.108.0
Pansy,Domnin,pdomninc4@moonfruit.com,Female,120.169.130.145
Caspar,Waugh,cwaughc5@hubpages.com,Male,225.170.72.115
Lorelle,Ateggart,lateggartc6@boston.com,Female,133.213.70.108
Ninon,Stollsteimer,nstollsteimerc7@skype.com,Female,79.69.14.100
Maribelle,Skeath,mskeathc8@wsj.com,Female,69.43.128.56
Rinaldo,Chidwick,rchidwickc9@psu.edu,Male,88.79.128.58
Trudi,Collier,tcollierca@europa.eu,Female,209.87.230.18
Woodman,Edsall,wedsallcb@paypal.com,Male,191.49.28.75
Natala,Maggorini,nmaggorinicc@cargocollective.com,Female,34.234.241.19
Danyelle,Wardhaugh,dwardhaughcd@ted.com,Female,216.229.72.102
Karlotta,Kennedy,kkennedyce@google.co.uk,Female,80.239.86.26
Early,Bitterton,ebittertoncf@ucoz.com,Male,74.206.209.164
Jermain,Janew,jjanewcg@sakura.ne.jp,Male,123.166.105.153
Jdavie,Rubinlicht,jrubinlichtch@yandex.ru,Male,142.115.208.122
Giff,Grzelewski,ggrzelewskici@51.la,Male,107.91.151.243
Alf,Lohan,alohancj@google.ca,Male,25.88.7.118
Rowena,Amesbury,ramesburyck@senate.gov,Female,137.232.165.188
Silvio,Turnbull,sturnbullcl@tiny.cc,Male,43.198.106.154
Griffy,Hamley,ghamleycm@google.com.hk,Male,229.138.145.235
Ulrika,Muccino,umuccinocn@dagondesign.com,Female,241.208.235.224
Milo,Hardiker,mhardikerco@amazon.co.uk,Male,10.140.127.54
Constanta,Adrain,cadraincp@rakuten.co.jp,Female,105.129.177.6
Cammi,Giottoi,cgiottoicq@indiegogo.com,Female,54.6.176.175
Arney,Kitcher,akitchercr@thetimes.co.uk,Male,120.91.235.172
Sophie,Toope,stoopecs@printfriendly.com,Female,187.166.253.242
Tiffie,Chell,tchellct@bbc.co.uk,Female,234.19.210.5
Monti,Pierro,mpierrocu@creativecommons.org,Male,62.254.191.172
Normand,Bromell,nbromellcv@pagesperso-orange.fr,Male,175.140.15.76
Sophia,De Wolfe,sdewolfecw@wiley.com,Female,187.87.193.164
Doyle,Pollicatt,dpollicattcx@wikia.com,Male,245.114.169.65
Vera,Sedwick,vsedwickcy@google.ca,Female,112.208.85.142
Avery,Snelgrove,asnelgrovecz@pagesperso-orange.fr,Male,161.212.77.160
Tyrus,Gaskill,tgaskilld0@senate.gov,Male,227.121.169.194
Aurilia,Simmonds,asimmondsd1@shop-pro.jp,Female,215.218.204.104
Philippine,Bernadon,pbernadond2@simplemachines.org,Female,135.60.147.134
Alisander,Sinott,asinottd3@ifeng.com,Male,159.88.166.56
Lindie,Branno,lbrannod4@amazon.co.jp,Female,227.111.5.15
Estel,Joyner,ejoynerd5@people.com.cn,Female,116.73.206.162
Ilka,Blamey,iblameyd6@360.cn,Female,78.102.18.7
Stormi,Molden,smoldend7@sun.com,Female,29.155.74.187
Beau,Roscamp,broscampd8@hugedomains.com,Male,144.31.17.21
Dana,Goretti,dgorettid9@topsy.com,Female,36.191.233.23
Nat,Sparhawk,nsparhawkda@statcounter.com,Female,244.234.167.167
Arlan,Holton,aholtondb@themeforest.net,Male,132.218.174.114
Twila,Hedditeh,thedditehdc@toplist.cz,Female,7.245.225.78
Trefor,Corinton,tcorintondd@independent.co.uk,Male,201.26.142.4
Eustace,Verbrugghen,everbrugghende@shop-pro.jp,Male,110.107.153.0
Estel,Bruntje,ebruntjedf@trellian.com,Female,194.80.178.88
Dyanne,Ellicott,dellicottdg@spotify.com,Female,235.214.233.217
Fidela,Heugle,fheugledh@comcast.net,Female,242.150.150.178
Bethina,Brett,bbrettdi@vistaprint.com,Female,171.220.213.104
Dianne,Fairclough,dfaircloughdj@hp.com,Female,236.3.229.36
Rubia,Davitashvili,rdavitashvilidk@dagondesign.com,Female,38.104.177.33
Ruthie,Petyakov,rpetyakovdl@live.com,Female,145.236.71.203
Kirby,Harrema,kharremadm@webs.com,Male,190.98.74.253
Judie,Wannell,jwannelldn@nbcnews.com,Female,107.242.99.250
Dyanne,MacDunleavy,dmacdunleavydo@salon.com,Female,145.28.55.155
Geraldine,Thickpenny,gthickpennydp@w3.org,Female,100.126.159.1
Isaiah,Slowcock,islowcockdq@youtube.com,Male,181.216.235.34
Nicolai,Carah,ncarahdr@tinypic.com,Male,195.75.103.182
Clem,O' Mullan,comullands@issuu.com,Male,43.212.163.25
Ximenes,Mortel,xmorteldt@dropbox.com,Male,36.90.65.93
Nancee,Kupka,nkupkadu@jiathis.com,Female,172.155.12.215
Alister,Tapton,ataptondv@webeden.co.uk,Male,62.158.44.30
Danita,Sibson,dsibsondw@cmu.edu,Female,119.130.120.189
Andeee,Houlston,ahoulstondx@newyorker.com,Female,153.181.57.69
Joshia,Claris,jclarisdy@statcounter.com,Male,77.71.102.234
Agathe,Innott,ainnottdz@globo.com,Female,25.117.5.35
Bartram,Slane,bslanee0@fotki.com,Male,9.81.208.54
Aldridge,Easom,aeasome1@mysql.com,Male,97.195.116.26
Benedikt,Grelak,bgrelake2@smugmug.com,Male,6.140.225.17
Nara,Ault,naulte3@nyu.edu,Female,205.33.36.93
Kane,Twycross,ktwycrosse4@tmall.com,Male,175.9.132.103
Gwenni,Presley,gpresleye5@csmonitor.com,Female,83.73.37.176
Hartwell,Iacivelli,hiacivellie6@sourceforge.net,Male,17.44.211.235
Aylmer,Markova,amarkovae7@tinypic.com,Male,49.245.163.202
Fred,Village,fvillagee8@craigslist.org,Male,75.153.104.2
Carroll,Antrobus,cantrobuse9@discuz.net,Male,221.168.99.5
Edsel,Liell,eliellea@creativecommons.org,Male,227.30.23.174
Gladys,Carss,gcarsseb@alibaba.com,Female,209.154.130.49
Waylin,Treves,wtrevesec@answers.com,Male,108.120.205.224
Boony,Punyer,bpunyered@imdb.com,Male,131.149.79.97
Marena,Keoghan,mkeoghanee@telegraph.co.uk,Female,85.135.115.57
Harbert,Breckenridge,hbreckenridgeef@soup.io,Male,55.86.154.43
Oren,Parsell,oparselleg@geocities.com,Male,254.204.217.2
Marj,Danne,mdanneeh@weebly.com,Female,7.170.144.75
Carin,Gioani,cgioaniei@europa.eu,Female,252.168.251.88
Byrann,Grossman,bgrossmanej@sciencedaily.com,Male,15.197.172.234
Lilly,Handaside,lhandasideek@shutterfly.com,Female,240.147.232.149
Thurston,Rooksby,trooksbyel@tmall.com,Male,90.74.173.45
Bidget,Kenealy,bkenealyem@blogs.com,Female,185.25.44.141
Royall,Darnbrook,rdarnbrooken@mac.com,Male,24.231.179.19
El,Norval,enorvaleo@netlog.com,Male,63.181.185.185
Kimbell,Dimmne,kdimmneep@washington.edu,Male,179.2.126.211
Shell,Grabert,sgraberteq@slate.com,Male,156.255.81.221
Tonnie,Guiu,tguiuer@wikimedia.org,Male,127.160.210.81
Homer,Mc Giffin,hmcgiffines@51.la,Male,138.97.201.115
Nikola,Adaway,nadawayet@nydailynews.com,Male,208.233.76.28
Winfield,Blondel,wblondeleu@hibu.com,Male,115.217.79.32
Ardisj,O'Rowane,aorowaneev@com.com,Female,95.228.52.232
Sissie,Kemwal,skemwalew@storify.com,Female,174.216.186.240
Rosemary,Sainter,rsainterex@sourceforge.net,Female,84.83.18.100
Lorri,Domenichini,ldomenichiniey@chron.com,Female,135.95.182.19
Naomi,Mehmet,nmehmetez@gmpg.org,Female,3.194.75.153
Claudetta,Christiensen,cchristiensenf0@histats.com,Female,48.47.127.43
Lexi,Perrottet,lperrottetf1@si.edu,Female,209.96.252.188
Haskell,Laurentino,hlaurentinof2@skyrock.com,Male,9.149.214.17
Dusty,Bowne,dbownef3@auda.org.au,Female,26.200.90.191
Bryn,Ledwitch,bledwitchf4@blogger.com,Male,249.52.93.152
Arlen,Tregenna,atregennaf5@amazon.com,Female,190.114.135.247
Arty,Groome,agroomef6@wufoo.com,Male,64.22.15.244
Giacinta,Barosch,gbaroschf7@cdbaby.com,Female,122.28.230.205
Reuben,Longridge,rlongridgef8@noaa.gov,Male,9.90.207.239
Agace,Febre,afebref9@seattletimes.com,Female,44.104.99.218
Carlina,Konneke,ckonnekefa@jugem.jp,Female,155.158.82.17
Alfie,Le Frank,alefrankfb@zimbio.com,Female,76.199.234.249
Zolly,Fache,zfachefc@house.gov,Male,3.43.140.173
Hestia,Giscken,hgisckenfd@twitter.com,Female,91.78.92.14
Haroun,Branchet,hbranchetfe@stanford.edu,Male,97.20.179.30
Emmanuel,Stracey,estraceyff@mapy.cz,Male,58.172.231.163
Anders,Castellan,acastellanfg@merriam-webster.com,Male,92.74.250.35
Ricky,Towersey,rtowerseyfh@technorati.com,Male,221.192.232.225
Kimble,Ivanchin,kivanchinfi@hibu.com,Male,202.182.123.5
Carmine,Lonsbrough,clonsbroughfj@bloglovin.com,Female,108.128.27.55
Erika,Grinstead,egrinsteadfk@vinaora.com,Female,215.210.20.135
Zane,Degnen,zdegnenfl@japanpost.jp,Male,30.32.16.70
Karilynn,Foucar,kfoucarfm@miibeian.gov.cn,Female,185.170.111.141
Lauree,Cristoforetti,lcristoforettifn@miibeian.gov.cn,Female,208.89.219.101
Flynn,Tallon,ftallonfo@indiegogo.com,Male,126.137.220.244
Kacie,Gillingwater,kgillingwaterfp@cmu.edu,Female,219.147.133.181
Tarah,Ilyukhov,tilyukhovfq@prnewswire.com,Female,59.126.105.54
Tomlin,Sargint,tsargintfr@etsy.com,Male,177.103.98.64
Charlotte,Leinweber,cleinweberfs@tinyurl.com,Female,148.99.216.88
Janis,Glasheen,jglasheenft@woothemes.com,Female,62.160.123.58
West,Breheny,wbrehenyfu@delicious.com,Male,105.249.219.13
Em,Faughny,efaughnyfv@squidoo.com,Female,88.216.0.193
Bridget,Krauss,bkraussfw@mail.ru,Female,182.165.99.216
Trey,Walstow,twalstowfx@auda.org.au,Male,110.105.227.138
Agnola,Hincham,ahinchamfy@time.com,Female,99.250.1.233
Mahmud,Folonin,mfoloninfz@gnu.org,Male,28.134.122.222
Merlina,Elis,melisg0@eventbrite.com,Female,60.252.252.64
Nerissa,Hamnett,nhamnettg1@unblog.fr,Female,47.61.16.117
Saw,Beine,sbeineg2@deviantart.com,Male,31.130.103.179
Beryl,Dilnot,bdilnotg3@vk.com,Female,177.107.147.71
Nathanial,Crusham,ncrushamg4@reddit.com,Male,155.28.9.111
Ruprecht,Senton,rsentong5@scientificamerican.com,Male,135.218.190.134
Beale,Scintsbury,bscintsburyg6@mapquest.com,Male,250.252.226.243
Darbie,Boggish,dboggishg7@unblog.fr,Female,4.246.121.224
Aurlie,Willard,awillardg8@harvard.edu,Female,215.175.53.42
Guthry,Busson,gbussong9@cbslocal.com,Male,107.27.77.228
Wylie,Butterly,wbutterlyga@google.it,Male,242.83.245.17
Ad,Gradly,agradlygb@uol.com.br,Male,196.139.22.253
Gearalt,Vogt,gvogtgc@stumbleupon.com,Male,48.97.186.241
Mair,Sidworth,msidworthgd@posterous.com,Female,106.123.122.178
Osmund,Longhorne,olonghornege@yahoo.com,Male,209.214.98.236
Dyana,Coie,dcoiegf@amazon.com,Female,0.120.100.9
Madelle,Gravie,mgraviegg@sakura.ne.jp,Female,164.232.86.158
Ingaborg,Kellen,ikellengh@narod.ru,Female,149.186.206.222
Colly,Rawne,crawnegi@skype.com,Female,85.167.157.47
Anthia,Style,astylegj@guardian.co.uk,Female,145.255.167.101
Yuma,MacGahy,ymacgahygk@nba.com,Male,65.204.73.43
Channa,Wherrett,cwherrettgl@163.com,Female,55.226.162.92
Kassey,Bracken,kbrackengm@angelfire.com,Female,107.22.124.25
Anett,Anger,aangergn@auda.org.au,Female,49.106.114.187
Francesca,Kemwal,fkemwalgo@instagram.com,Female,214.255.115.67
Lotti,Halleday,lhalledaygp@tinypic.com,Female,184.112.250.160
Ivar,Fallowfield,ifallowfieldgq@seattletimes.com,Male,164.178.238.191
Lothario,Masey,lmaseygr@merriam-webster.com,Male,29.180.32.114
Brod,Pullman,bpullmangs@mayoclinic.com,Male,133.0.212.255
Kiele,Northfield,knorthfieldgt@army.mil,Female,37.79.1.41
Susie,Merigeau,smerigeaugu@vimeo.com,Female,158.15.79.233
Olly,Riddel,oriddelgv@odnoklassniki.ru,Female,28.140.82.134
Boyce,Yanin,byaningw@japanpost.jp,Male,202.250.79.116
Hugh,Convery,hconverygx@google.de,Male,156.12.37.164
Raychel,Hamlin,rhamlingy@lulu.com,Female,15.225.226.14
Mateo,Harrismith,mharrismithgz@marriott.com,Male,107.72.105.44
Karry,Maddern,kmaddernh0@bigcartel.com,Female,233.251.192.208
Kirstyn,Copo,kcopoh1@europa.eu,Female,175.115.233.207
Mile,Bastable,mbastableh2@e-recht24.de,Male,47.100.245.56
Zsazsa,Drewell,zdrewellh3@businesswire.com,Female,203.239.56.116
Juliane,Warrack,jwarrackh4@baidu.com,Female,228.246.137.249
Alyssa,Sturr,asturrh5@arizona.edu,Female,215.47.21.242
Astrix,Kasman,akasmanh6@constantcontact.com,Female,91.242.186.216
Gale,Mazzei,gmazzeih7@washington.edu,Male,0.114.199.82
Rockwell,Abbett,rabbetth8@chicagotribune.com,Male,49.96.90.169
Niels,Fagge,nfaggeh9@amazon.co.jp,Male,63.161.37.133
Rora,Brookson,rbrooksonha@imgur.com,Female,167.8.241.141
Barret,Beachamp,bbeachamphb@state.gov,Male,216.40.168.230
Arline,Le-Good,alegoodhc@ft.com,Female,43.126.18.10
Tilly,Katz,tkatzhd@foxnews.com,Female,149.128.255.0
Giustina,Audry,gaudryhe@prlog.org,Female,120.120.17.138
Constantin,Schultes,cschulteshf@histats.com,Male,95.207.168.125
Gillan,Coch,gcochhg@slate.com,Female,52.27.211.83
Mollie,Bohlens,mbohlenshh@howstuffworks.com,Female,200.171.77.185
Diana,De la Harpe,ddelaharpehi@eepurl.com,Female,59.157.125.150
Marje,Maddie,mmaddiehj@psu.edu,Female,119.198.213.50
Tomasine,Probyn,tprobynhk@godaddy.com,Female,245.124.196.106
Quincey,Bilt,qbilthl@shop-pro.jp,Male,204.8.23.18
Noel,Ambrosi,nambrosihm@stanford.edu,Male,40.116.156.95
Perceval,Batchellor,pbatchellorhn@slashdot.org,Male,151.107.248.53
Uta,Halpeine,uhalpeineho@fastcompany.com,Female,202.217.85.148
Gale,Beurich,gbeurichhp@bloglovin.com,Female,28.188.29.0
Berne,Trippack,btrippackhq@sitemeter.com,Male,150.16.48.228
Lavena,Persence,lpersencehr@samsung.com,Female,133.177.44.51
Keene,Mongin,kmonginhs@psu.edu,Male,62.141.255.220
Nikolos,Dible,ndibleht@zimbio.com,Male,203.147.131.148
Norris,O' Mahony,nomahonyhu@ca.gov,Male,171.150.175.78
Patrizius,Youens,pyouenshv@netvibes.com,Male,31.64.245.64
Cati,Hairon,chaironhw@google.nl,Female,95.234.162.12
Ashley,Baudassi,abaudassihx@blogger.com,Male,119.172.13.106
Dante,Pym,dpymhy@examiner.com,Male,186.117.214.191
Eleen,Tolmie,etolmiehz@w3.org,Female,214.183.127.1
Ave,Moncey,amonceyi0@forbes.com,Male,96.21.162.103
Daniele,Timlin,dtimlini1@yahoo.com,Female,69.42.215.238
Alexandr,Hadaway,ahadawayi2@jiathis.com,Male,149.104.72.68
Susy,Wholesworth,swholesworthi3@bravesites.com,Female,199.232.102.2
Helaina,Ellor,hellori4@washington.edu,Female,105.94.102.40
Alisha,Pedlow,apedlowi5@drupal.org,Female,153.119.106.252
Vicky,Denziloe,vdenziloei6@hud.gov,Female,146.128.98.203
Drucy,Fontes,dfontesi7@quantcast.com,Female,199.149.2.54
Duky,Shipcott,dshipcotti8@redcross.org,Male,164.122.162.196
Dreddy,Petrolli,dpetrollii9@cbsnews.com,Female,141.175.188.47
Gaylord,Hearson,ghearsonia@deviantart.com,Male,173.1.222.133
Crichton,Bansal,cbansalib@goo.gl,Male,106.108.26.35
Barbey,Soane,bsoaneic@ning.com,Female,117.26.236.207
Flynn,Lansdale,flansdaleid@admin.ch,Male,51.167.223.41
Mattie,Eglington,meglingtonie@hubpages.com,Female,254.150.214.137
Idaline,Henri,ihenriif@photobucket.com,Female,13.200.10.185
Freddie,Cavendish,fcavendishig@slideshare.net,Male,70.17.106.191
Natka,Deverille,ndeverilleih@bluehost.com,Female,175.140.0.21
Eleen,Blay,eblayii@phoca.cz,Female,13.22.171.119
Solly,Heball,sheballij@washington.edu,Male,113.64.104.92
Kimberli,Antoszewski,kantoszewskiik@va.gov,Female,158.165.24.3
Marijn,Willgrass,mwillgrassil@cnet.com,Male,24.37.35.222
Rodolfo,Pairpoint,rpairpointim@slideshare.net,Male,55.8.94.57
Dulci,Brombell,dbrombellin@cloudflare.com,Female,231.7.131.192
Hyacinthia,Paulmann,hpaulmannio@blog.com,Female,248.212.29.187
Klarrisa,Feeham,kfeehamip@psu.edu,Female,236.192.215.249
Dorelle,Biasetti,dbiasettiiq@xing.com,Female,238.136.33.158
Cassandre,Martt,cmarttir@dropbox.com,Female,207.184.141.112
Ingemar,Vyel,ivyelis@sphinn.com,Male,175.246.242.56
Elroy,Burnhard,eburnhardit@economist.com,Male,134.150.116.135
Suzi,Kamena,skamenaiu@friendfeed.com,Female,144.14.119.170
Felicio,McMonnies,fmcmonniesiv@mozilla.com,Male,2.137.72.107
Aldus,Novello,anovelloiw@theglobeandmail.com,Male,252.246.119.93
Viki,Tyas,vtyasix@wsj.com,Female,32.55.211.68
Paulette,Shout,pshoutiy@telegraph.co.uk,Female,155.219.43.9
Don,Yesichev,dyesicheviz@japanpost.jp,Male,22.71.34.62
Jillana,Lynn,jlynnj0@artisteer.com,Female,24.144.29.245
Clemente,Ariss,carissj1@1und1.de,Male,78.174.84.49
Toby,Harower,tharowerj2@blogger.com,Male,60.216.31.110
Had,Daborn,hdabornj3@hao123.com,Male,66.192.68.233
Rorke,Sexton,rsextonj4@hhs.gov,Male,118.187.64.168
Greer,Keesman,gkeesmanj5@netscape.com,Female,18.221.22.190
Beryle,Rodell,brodellj6@ucoz.ru,Female,254.97.244.78
Tades,Karpychev,tkarpychevj7@unicef.org,Male,216.248.238.49
Twila,Niset,tnisetj8@latimes.com,Female,83.208.188.200
Marcellina,Swindells,mswindellsj9@ning.com,Female,120.71.86.61
Dory,Andres,dandresja@whitehouse.gov,Female,26.85.246.124
Merwin,Suddell,msuddelljb@nydailynews.com,Male,227.32.187.82
Barnabe,Buchett,bbuchettjc@miitbeian.gov.cn,Male,71.88.152.117
Aila,McGaw,amcgawjd@so-net.ne.jp,Female,130.221.198.88
Salvador,Hamprecht,shamprechtje@bloomberg.com,Male,226.172.160.149
Daven,Risborough,drisboroughjf@umn.edu,Male,73.226.169.164
Wolfgang,McQuirter,wmcquirterjg@stanford.edu,Male,161.46.129.138
Lonnard,Zmitruk,lzmitrukjh@seesaa.net,Male,163.240.224.200
Rafaelita,Belden,rbeldenji@mtv.com,Female,223.29.58.43
Arie,Babbe,ababbejj@craigslist.org,Male,141.192.29.254
Britt,Mattedi,bmattedijk@163.com,Female,94.153.49.41
Marlena,Kasman,mkasmanjl@bravesites.com,Female,18.98.254.56
Doyle,Venard,dvenardjm@discuz.net,Male,2.95.186.133
Evan,Sawbridge,esawbridgejn@latimes.com,Male,189.128.195.134
Natale,Hryncewicz,nhryncewiczjo@stumbleupon.com,Male,181.45.33.198
Martguerita,Pestor,mpestorjp@zimbio.com,Female,143.66.14.224
Guilbert,Terrell,gterrelljq@ftc.gov,Male,149.116.160.4
Berte,Belle,bbellejr@upenn.edu,Female,124.204.9.20
Clarance,Ruf,crufjs@mtv.com,Male,160.70.248.229
Morlee,Baulch,mbaulchjt@cyberchimps.com,Male,5.147.244.128
Andrej,Lawrenceson,alawrencesonju@hubpages.com,Male,48.115.60.136
Crawford,De Giorgi,cdegiorgijv@sourceforge.net,Male,188.101.46.156
Scarlett,Lawrenson,slawrensonjw@usnews.com,Female,81.166.179.245
Keven,Manderson,kmandersonjx@webnode.com,Male,169.206.31.242
Hastings,Redhead,hredheadjy@theguardian.com,Male,45.52.219.108
Bruis,Jewes,bjewesjz@amazon.de,Male,33.144.57.184
Tammara,Sides,tsidesk0@stumbleupon.com,Female,131.119.132.25
Kevyn,Brockwell,kbrockwellk1@goodreads.com,Female,34.117.118.11
Sharity,Davern,sdavernk2@reuters.com,Female,12.48.112.252
Burt,Costigan,bcostigank3@howstuffworks.com,Male,167.15.60.212
Karlee,Sandys,ksandysk4@twitter.com,Female,248.139.119.175
Cathe,Tregaskis,ctregaskisk5@ovh.net,Female,138.57.121.9
Donni,Crossman,dcrossmank6@pinterest.com,Female,248.137.210.150
Anthiathia,Petersen,apetersenk7@army.mil,Female,26.41.81.56
Waldemar,Whimper,wwhimperk8@apache.org,Male,112.126.119.67
Anabel,Harnor,aharnork9@issuu.com,Female,19.223.247.100
Ilise,Goodbarne,igoodbarneka@domainmarket.com,Female,68.254.172.231
Ellyn,Goggan,egoggankb@si.edu,Female,110.44.79.169
Euell,Espinal,eespinalkc@lulu.com,Male,182.230.59.216
Humfried,Caseri,hcaserikd@phpbb.com,Male,178.32.184.113
Foster,McRoberts,fmcrobertske@cafepress.com,Male,132.36.247.159
Nicola,Hector,nhectorkf@typepad.com,Male,114.90.52.123
Dirk,Bendson,dbendsonkg@opera.com,Male,58.56.181.13
Lonna,Hazeman,lhazemankh@google.com,Female,36.91.48.242
Renae,Sword,rswordki@shop-pro.jp,Female,71.6.219.59
Bella,Skittrall,bskittrallkj@chron.com,Female,200.60.137.157
Irene,Chapple,ichapplekk@microsoft.com,Female,46.219.196.203
Sandor,Waggett,swaggettkl@imdb.com,Male,118.188.113.21
Bobbye,Ashment,bashmentkm@cornell.edu,Female,212.101.28.78
Hakim,Blacktin,hblacktinkn@sohu.com,Male,255.191.142.229
Elle,Hedworth,ehedworthko@free.fr,Female,124.213.113.74
Darb,Lavington,dlavingtonkp@dyndns.org,Female,224.78.243.36
Ned,Gooddie,ngooddiekq@sohu.com,Male,151.162.86.249
Rois,Alliban,rallibankr@patch.com,Female,241.133.67.143
Gaye,Patterson,gpattersonks@php.net,Female,43.16.2.123
Joel,Eckly,jecklykt@reuters.com,Male,181.35.231.54
Charla,McGonnell,cmcgonnellku@yellowpages.com,Female,53.38.71.125
Allsun,Clohisey,aclohiseykv@census.gov,Female,1.245.135.84
Tammie,Alcalde,talcaldekw@mapquest.com,Male,10.159.255.19
Jedediah,Ritchings,jritchingskx@stumbleupon.com,Male,104.106.144.157
Whitney,Bolam,wbolamky@guardian.co.uk,Male,35.235.185.63
Masha,Donne,mdonnekz@hhs.gov,Female,253.219.216.164
Tammy,Mancktelow,tmancktelowl0@mtv.com,Female,130.58.205.26
Eduardo,Grzelewski,egrzelewskil1@bandcamp.com,Male,95.100.54.29
Demetrius,Leftly,dleftlyl2@over-blog.com,Male,97.199.33.198
Jimmy,Town,jtownl3@toplist.cz,Male,242.87.74.22
Dulce,Ceccoli,dceccolil4@rakuten.co.jp,Female,34.221.195.126
Ruthie,Spincks,rspincksl5@telegraph.co.uk,Female,17.198.190.91
Hilliard,Toop,htoopl6@wordpress.org,Male,51.216.42.167
Imojean,O'Hannay,iohannayl7@mapy.cz,Female,157.91.190.242
Kristal,Craze,kcrazel8@ucoz.ru,Female,109.227.115.75
Ginger,Devote,gdevotel9@webeden.co.uk,Male,47.167.80.171
Horton,Grafton,hgraftonla@gov.uk,Male,179.2.200.220
Edouard,Godain,egodainlb@nytimes.com,Male,48.127.218.68
Dennis,Parlett,dparlettlc@blog.com,Male,69.124.106.205
Timothea,Freyne,tfreyneld@google.co.jp,Female,43.149.222.48
Corly,Kinchington,ckinchingtonle@paginegialle.it,Female,9.65.138.64
Arthur,Gass,agasslf@addtoany.com,Male,210.82.127.37
Garrott,Assur,gassurlg@blogs.com,Male,24.230.0.40
Lelia,Millea,lmillealh@xing.com,Female,233.240.67.19
Debi,Fairbourn,dfairbournli@tripadvisor.com,Female,48.108.253.181
Beckie,Isley,bisleylj@blogs.com,Female,9.92.50.206
Broddy,Gawthrop,bgawthroplk@state.gov,Male,45.181.14.28
Emlen,Delacote,edelacotell@ucoz.ru,Male,173.16.194.204
Simonne,Stalley,sstalleylm@infoseek.co.jp,Female,213.113.98.180
Eydie,MacGall,emacgallln@goo.ne.jp,Female,110.246.250.121
Masha,Dorrins,mdorrinslo@bbb.org,Female,240.237.13.236
Adriane,Furst,afurstlp@phpbb.com,Female,220.40.215.44
Lexine,Albrecht,lalbrechtlq@twitpic.com,Female,202.140.128.208
Rowan,Cadwallader,rcadwalladerlr@domainmarket.com,Male,79.146.53.37
Rutherford,Sowthcote,rsowthcotels@skype.com,Male,30.123.210.53
Linette,Gajownik,lgajowniklt@dedecms.com,Female,115.95.93.216
Zenia,Jailler,zjaillerlu@cnbc.com,Female,126.249.16.60
Werner,Ilbert,wilbertlv@altervista.org,Male,132.102.58.154
Myrtice,Hannay,mhannaylw@skyrock.com,Female,135.106.14.240
Tom,De Lasci,tdelascilx@ft.com,Male,194.117.173.73
Val,Bysaker,vbysakerly@miibeian.gov.cn,Female,30.45.49.34
Chrissy,Somers,csomerslz@howstuffworks.com,Male,60.94.137.20
Kimmy,Morales,kmoralesm0@businessinsider.com,Female,127.100.177.206
Sheilah,Gilffillan,sgilffillanm1@nydailynews.com,Female,28.241.50.96
Sena,Beynke,sbeynkem2@unc.edu,Female,82.94.65.134
Minna,Dunkerk,mdunkerkm3@nba.com,Female,17.178.39.20
Angelika,Sapp,asappm4@wp.com,Female,182.32.12.145
Amandi,Hesse,ahessem5@yale.edu,Female,181.166.191.188
Fiona,Dee,fdeem6@twitpic.com,Female,25.249.25.44
Wynn,Stampe,wstampem7@dailymotion.com,Male,194.140.52.250
Nichols,Lennard,nlennardm8@cafepress.com,Male,173.184.66.37
Osgood,De Rechter,oderechterm9@hugedomains.com,Male,47.201.17.133
Marj,Alner,malnerma@epa.gov,Female,208.15.52.77
Madlin,Myrtle,mmyrtlemb@51.la,Female,228.5.119.218
Lilyan,Splevin,lsplevinmc@europa.eu,Female,85.254.177.64
Robinia,Gradly,rgradlymd@dion.ne.jp,Female,37.4.206.94
Rikki,Filchagin,rfilchaginme@twitpic.com,Male,59.64.51.89
Emmerich,Creus,ecreusmf@eepurl.com,Male,97.172.240.216
Stacy,Jubert,sjubertmg@merriam-webster.com,Female,69.232.245.92
Kacie,Planke,kplankemh@joomla.org,Female,197.125.177.53
Alleyn,O'Hare,aoharemi@netvibes.com,Male,136.95.42.169
Lemuel,Brosini,lbrosinimj@europa.eu,Male,70.133.213.12
Willem,Barbour,wbarbourmk@posterous.com,Male,45.118.197.183
Nance,Platt,nplattml@google.es,Female,102.86.218.48
Courtney,Wimes,cwimesmm@berkeley.edu,Male,17.237.167.32
Cayla,Faltin,cfaltinmn@si.edu,Female,82.87.42.76
Valina,Blues,vbluesmo@seesaa.net,Female,60.56.4.27
Aridatha,Border,abordermp@alexa.com,Female,116.85.103.131
Eunice,Greetham,egreethammq@woothemes.com,Female,66.19.88.94
Mac,Galley,mgalleymr@theatlantic.com,Male,163.252.187.216
Madalena,Gilliland,mgillilandms@epa.gov,Female,1.47.101.171
Dougy,Jannex,djannexmt@slate.com,Male,122.2.43.201
Giulio,Seckington,gseckingtonmu@diigo.com,Male,10.153.130.136
Englebert,Rainton,eraintonmv@i2i.jp,Male,249.206.205.73
Morley,Snedker,msnedkermw@webmd.com,Male,20.28.244.230
Jennie,McGillivray,jmcgillivraymx@wunderground.com,Female,42.196.14.147
Jefferson,Pirazzi,jpirazzimy@tumblr.com,Male,152.197.245.10
Lanette,Frankiss,lfrankissmz@vkontakte.ru,Female,61.44.18.143
Petey,Huertas,phuertasn0@1688.com,Male,90.7.195.74
Jorry,Lean,jleann1@soundcloud.com,Female,211.238.164.237
Conny,Brumhead,cbrumheadn2@ebay.co.uk,Female,117.38.178.85
Eve,Farnall,efarnalln3@qq.com,Female,136.36.86.115
Jocelin,Le Huquet,jlehuquetn4@reference.com,Female,22.129.31.204
Philipa,Ebden,pebdenn5@macromedia.com,Female,234.134.147.230
Samara,Correa,scorrean6@bluehost.com,Female,188.224.154.191
Netta,Renn,nrennn7@apache.org,Female,68.211.42.192
Tades,Burkett,tburkettn8@alibaba.com,Male,60.169.150.44
Christy,Benditt,cbendittn9@telegraph.co.uk,Male,1.170.69.106
Delcine,Izsak,dizsakna@hibu.com,Female,227.66.108.238
Ibbie,Sadd,isaddnb@marriott.com,Female,25.216.247.209
Caddric,Chattelaine,cchattelainenc@thetimes.co.uk,Male,207.158.223.246
Danna,Ovenell,dovenellnd@lycos.com,Female,174.186.134.14
Tilly,Gatland,tgatlandne@discovery.com,Female,214.124.239.157
Darell,Coan,dcoannf@tumblr.com,Female,214.135.91.105
Elly,Skamell,eskamellng@twitpic.com,Female,236.160.60.80
Jean,Walshaw,jwalshawnh@zdnet.com,Female,220.42.21.34
Demott,Durram,ddurramni@msn.com,Male,223.157.235.237
Julieta,Stannislawski,jstannislawskinj@cisco.com,Female,62.209.123.193
Gal,Alstead,galsteadnk@rediff.com,Male,78.126.147.210
Kassi,Bernardeschi,kbernardeschinl@newyorker.com,Female,101.36.33.5
Gwendolen,Luis,gluisnm@sphinn.com,Female,35.90.99.28
Brunhilda,Hoonahan,bhoonahannn@usda.gov,Female,37.254.49.150
Tim,Ohrt,tohrtno@geocities.jp,Male,89.138.247.212
Baxy,Harler,bharlernp@hp.com,Male,79.79.69.140
Hobard,Phaup,hphaupnq@prweb.com,Male,108.224.128.127
Patric,Segar,psegarnr@scribd.com,Male,60.59.1.227
Ingaberg,Gerholz,igerholzns@sourceforge.net,Female,200.37.20.189
Yardley,Challender,ychallendernt@yahoo.com,Male,136.126.135.157
Ava,Gasgarth,agasgarthnu@wikimedia.org,Female,56.180.43.241
Bamby,Syvret,bsyvretnv@alibaba.com,Female,82.223.28.240
Giusto,Kemitt,gkemittnw@symantec.com,Male,43.200.187.112
Hasheem,Peterffy,hpeterffynx@illinois.edu,Male,12.187.15.106
Kary,Mantripp,kmantrippny@squarespace.com,Female,56.134.236.10
Arney,Dole,adolenz@cpanel.net,Male,2.222.122.160
Martainn,Hattigan,mhattigano0@bluehost.com,Male,249.7.98.150
Thom,Juckes,tjuckeso1@aol.com,Male,136.145.66.91
Kennie,Fellenor,kfellenoro2@simplemachines.org,Male,229.87.27.174
Imogen,Blabie,iblabieo3@technorati.com,Female,207.136.190.196
Calley,Burrill,cburrillo4@alexa.com,Female,141.74.0.235
Giffie,Whacket,gwhacketo5@reverbnation.com,Male,162.20.168.119
Verna,Schlagh,vschlagho6@xinhuanet.com,Female,192.179.247.248
Darci,Eastlake,deastlakeo7@google.co.uk,Female,45.164.29.167
Aline,Fillary,afillaryo8@google.it,Female,158.120.205.168
Jewel,Cline,jclineo9@bbc.co.uk,Female,133.221.221.131
Lockwood,Dunphy,ldunphyoa@blinklist.com,Male,238.107.190.44
Liam,Shear,lshearob@quantcast.com,Male,224.168.167.133
Van,MacGowing,vmacgowingoc@blogtalkradio.com,Female,155.185.11.222
Kit,Fells,kfellsod@nasa.gov,Male,131.252.208.203
Noelani,Avramovsky,navramovskyoe@shinystat.com,Female,190.78.112.166
Rayner,Capron,rcapronof@xing.com,Male,6.63.215.96
Corine,Miles,cmilesog@theguardian.com,Female,164.189.228.127
Sadye,Biggar,sbiggaroh@economist.com,Female,72.197.174.198
Thalia,Shalcros,tshalcrosoi@themeforest.net,Female,62.198.244.17
Debee,Stapley,dstapleyoj@friendfeed.com,Female,6.55.32.116
Magda,Sager,msagerok@wordpress.org,Female,209.183.69.183
Madelin,Agass,magassol@photobucket.com,Female,11.178.243.48
Virgie,Curedale,vcuredaleom@macromedia.com,Male,89.111.203.179
Stearne,Tyzack,styzackon@tripadvisor.com,Male,118.221.130.120
Elvyn,Edsell,eedselloo@cnn.com,Male,76.56.173.165
Velvet,Bourrel,vbourrelop@domainmarket.com,Female,252.150.251.203
Albie,Abbado,aabbadooq@163.com,Male,94.99.39.239
Hermione,Perri,hperrior@slideshare.net,Female,90.105.103.70
Elizabet,Collett,ecollettos@aol.com,Female,175.184.252.68
Bud,Jimson,bjimsonot@netscape.com,Male,64.142.196.134
Michael,Gowrich,mgowrichou@auda.org.au,Male,65.28.192.82
Buckie,Brandacci,bbrandacciov@europa.eu,Male,178.132.154.28
Adrien,Holdey,aholdeyow@nsw.gov.au,Male,18.60.126.154
Brennen,Broxap,bbroxapox@google.ru,Male,191.155.33.110
Rickie,Mortel,rmorteloy@google.co.uk,Male,24.81.174.98
Nessa,Gavrieli,ngavrielioz@skype.com,Female,83.161.114.20
Letisha,Buswell,lbuswellp0@smugmug.com,Female,18.97.147.238
Bunnie,Scruby,bscrubyp1@edublogs.org,Female,147.47.156.133
Pennie,Watchorn,pwatchornp2@npr.org,Male,198.16.115.8
Maurene,Dawley,mdawleyp3@wordpress.org,Female,94.207.109.176
Anabel,Speerman,aspeermanp4@si.edu,Female,172.249.19.204
Clyde,Lucien,clucienp5@gmpg.org,Male,74.113.128.114
Katey,Tallach,ktallachp6@cbsnews.com,Female,152.224.230.80
Joanne,Kilgallen,jkilgallenp7@accuweather.com,Female,186.86.102.106
Rheba,Spriggen,rspriggenp8@smugmug.com,Female,174.77.210.91
Zara,Bracknall,zbracknallp9@pbs.org,Female,123.62.70.213
Ragnar,McCourt,rmccourtpa@samsung.com,Male,142.0.223.165
Marc,Botterill,mbotterillpb@cloudflare.com,Male,56.44.62.97
Bryana,Coushe,bcoushepc@amazon.de,Female,22.200.58.148
Maud,Nagle,mnaglepd@wikispaces.com,Female,103.13.116.78
Kara,Clothier,kclothierpe@slate.com,Female,252.177.149.155
Irvine,Boustead,ibousteadpf@delicious.com,Male,123.134.62.100
Eugen,Wagerfield,ewagerfieldpg@csmonitor.com,Male,6.115.110.219
Boote,Dingivan,bdingivanph@skyrock.com,Male,12.18.127.133
Micah,Glassborow,mglassborowpi@omniture.com,Male,84.140.49.16
Sophie,Ferrai,sferraipj@example.com,Female,42.147.211.174
Mattie,Scarce,mscarcepk@reuters.com,Female,93.87.125.147
Deanna,Quenby,dquenbypl@sciencedaily.com,Female,36.162.182.0
Wiatt,Beecroft,wbeecroftpm@slashdot.org,Male,212.26.157.3
Penelope,Hendricks,phendrickspn@multiply.com,Female,124.131.196.93
Fraze,Skilling,fskillingpo@kickstarter.com,Male,119.43.221.111
Keen,Banfield,kbanfieldpp@dropbox.com,Male,236.230.183.186
Lynnett,Schiesterl,lschiesterlpq@privacy.gov.au,Female,91.99.66.227
Waite,Kinney,wkinneypr@elpais.com,Male,224.231.30.86
Base,Strutley,bstrutleyps@eepurl.com,Male,107.178.226.221
Freemon,Androck,fandrockpt@t.co,Male,132.51.140.54
Anetta,Doodney,adoodneypu@mail.ru,Female,227.239.156.59
Meagan,De Fraine,mdefrainepv@pagesperso-orange.fr,Female,179.93.105.162
Morgun,Organ,morganpw@webs.com,Male,5.220.193.91
Dodie,Riveles,drivelespx@mediafire.com,Female,229.104.161.207
Clementina,Bliss,cblisspy@dell.com,Female,186.218.169.80
Jae,Foucher,jfoucherpz@opera.com,Male,237.234.245.102
Allayne,Acum,aacumq0@mit.edu,Male,205.250.178.68
Rodolfo,Chick,rchickq1@ed.gov,Male,130.15.110.64
Cale,Mackley,cmackleyq2@mayoclinic.com,Male,35.234.222.220
Gerrard,Alans,galansq3@cornell.edu,Male,200.1.196.237
Stella,Shellshear,sshellshearq4@zdnet.com,Female,39.70.160.24
Neill,Matheson,nmathesonq5@columbia.edu,Male,30.158.234.93
Dannie,Larmour,dlarmourq6@admin.ch,Female,169.195.121.85
Aurore,Ebbrell,aebbrellq7@geocities.com,Female,150.16.33.32
Byron,Prophet,bprophetq8@ustream.tv,Male,8.114.226.47
Abel,Shawyer,ashawyerq9@creativecommons.org,Male,160.159.24.120
Ansel,Ekell,aekellqa@nps.gov,Male,241.240.194.94
Ivie,Beseke,ibesekeqb@japanpost.jp,Female,64.251.54.90
Mitchel,Guthrum,mguthrumqc@google.com.au,Male,38.181.95.114
Sauncho,Rushworth,srushworthqd@go.com,Male,142.74.0.94
Anabella,Longmire,alongmireqe@virginia.edu,Female,10.38.166.133
Quinlan,Dudlestone,qdudlestoneqf@deliciousdays.com,Male,169.42.82.233
Omero,McGarry,omcgarryqg@techcrunch.com,Male,220.213.217.84
Atalanta,Varran,avarranqh@goodreads.com,Female,79.157.233.218
Brucie,Riden,bridenqi@hugedomains.com,Male,246.22.8.157
Trude,Dahlbom,tdahlbomqj@ning.com,Female,5.203.225.139
Miner,Sunshine,msunshineqk@photobucket.com,Male,195.188.181.142
Lira,Hatfield,lhatfieldql@slashdot.org,Female,188.195.254.249
Enos,Blazdell,eblazdellqm@mozilla.com,Male,182.177.47.36
Gilly,Cumberpatch,gcumberpatchqn@nifty.com,Female,251.110.23.182
Rhea,Rocco,rroccoqo@parallels.com,Female,131.12.27.32
Heidie,Forsythe,hforsytheqp@columbia.edu,Female,107.68.114.176
Jordan,Burvill,jburvillqq@altervista.org,Male,11.123.14.250
Alyosha,Donahue,adonahueqr@liveinternet.ru,Male,101.105.123.73
Sheff,Ruseworth,sruseworthqs@msu.edu,Male,240.142.122.177
Sybille,Garwell,sgarwellqt@toplist.cz,Female,117.145.164.41
Hamlen,Cristofori,hcristoforiqu@stumbleupon.com,Male,46.116.187.188
Mathew,Peckett,mpeckettqv@dmoz.org,Male,38.147.164.58
Dino,Anthona,danthonaqw@qq.com,Male,99.252.237.188
Gonzales,McPharlain,gmcpharlainqx@lulu.com,Male,2.131.36.70
Reagan,Burdett,rburdettqy@123-reg.co.uk,Male,86.213.123.164
Keelby,Matzaitis,kmatzaitisqz@ted.com,Male,77.167.205.216
Carrissa,Scouse,cscouser0@spotify.com,Female,14.26.76.226
Roderic,Selvey,rselveyr1@desdev.cn,Male,208.95.97.0
Bernette,Bridger,bbridgerr2@google.cn,Female,240.57.213.10
Woodman,Saterweyte,wsaterweyter3@yellowpages.com,Male,198.112.167.54
Margaretha,Kivlin,mkivlinr4@huffingtonpost.com,Female,141.117.164.151
Fransisco,Shortt,fshorttr5@surveymonkey.com,Male,99.25.94.228
Richmond,Venes,rvenesr6@timesonline.co.uk,Male,134.55.87.5
Carmine,Longdon,clongdonr7@altervista.org,Male,23.5.239.171
Nance,Overel,noverelr8@yolasite.com,Female,196.164.182.23
Anatole,Tew,atewr9@usnews.com,Male,130.43.121.33
Lenna,Minker,lminkerra@yahoo.co.jp,Female,224.126.143.121
Teodorico,Gornar,tgornarrb@google.ru,Male,64.119.214.199
Morty,Geal,mgealrc@alexa.com,Male,55.7.235.68
Terese,Covell,tcovellrd@issuu.com,Female,165.24.246.184
Curr,Buy,cbuyre@squarespace.com,Male,148.112.19.19
Christoper,Falla,cfallarf@tmall.com,Male,168.255.95.114
Gamaliel,Braidman,gbraidmanrg@twitpic.com,Male,39.236.233.250
Leeanne,Chidler,lchidlerrh@aol.com,Female,200.107.122.136
Melanie,Darrigoe,mdarrigoeri@shareasale.com,Female,3.200.71.179
Dale,Chalfont,dchalfontrj@forbes.com,Female,71.89.44.108
Rowan,Gatesman,rgatesmanrk@dell.com,Male,62.217.211.44
Fredric,Tointon,ftointonrl@4shared.com,Male,231.211.127.161
Boyd,Watkin,bwatkinrm@soup.io,Male,54.139.74.117
Caria,Cavendish,ccavendishrn@freewebs.com,Female,120.144.236.244
Lyndsey,Standring,lstandringro@behance.net,Female,195.22.7.206
Allina,Lippard,alippardrp@altervista.org,Female,94.102.179.155
Jorrie,Lindeberg,jlindebergrq@wordpress.com,Female,70.74.233.137
Rosa,Stuchbery,rstuchberyrr@wikispaces.com,Female,221.220.226.46
